{
    "Corpus size (in words) excluding punctuation": 1303,
    "Corpus size (in chars) excluding spaces": 6802,
    "Average sentence length (in words)": 10.42741935483871,
    "Vocabulary size (no. of unique words)": 576,
    "Corpus size (in lines)": 48,
    "Lexical diversity": 0.442056792018419,
    "Top ten frequent words": [
        [
            "থেকে",
            23,
            1.7651573292402147
        ],
        [
            "হয়েছে",
            19,
            1.4581734458940905
        ],
        [
            "দেশে",
            16,
            1.2279355333844972
        ],
        [
            "সংক্রমণ",
            15,
            1.1511895625479662
        ],
        [
            "গত",
            14,
            1.0744435917114352
        ],
        [
            "শনাক্তের",
            14,
            1.0744435917114352
        ],
        [
            "রোগী",
            13,
            0.9976976208749041
        ],
        [
            "হয়",
            13,
            0.9976976208749041
        ],
        [
            "জন",
            12,
            0.920951650038373
        ],
        [
            "শুরু",
            12,
            0.920951650038373
        ]
    ]
}