{
    "Corpus size (in words) excluding punctuation": 1293,
    "Corpus size (in chars) excluding spaces": 6802,
    "Average sentence length (in words)": 10.42741935483871,
    "Vocabulary size (no. of unique words)": 6802,
    "Corpus size (in lines)": 48,
    "Top ten frequent words": [
        [
            "থেকে",
            23,
            1.7788089713843775
        ],
        [
            "হয়েছে",
            19,
            1.4694508894044858
        ],
        [
            "দেশে",
            16,
            1.237432327919567
        ],
        [
            "সংক্রমণ",
            15,
            1.160092807424594
        ],
        [
            "গত",
            14,
            1.082753286929621
        ],
        [
            "শনাক্তের",
            14,
            1.082753286929621
        ],
        [
            "রোগী",
            13,
            1.005413766434648
        ],
        [
            "হয়",
            13,
            1.005413766434648
        ],
        [
            "জন",
            12,
            0.9280742459396751
        ],
        [
            "শুরু",
            12,
            0.9280742459396751
        ]
    ]
}